etc/cron.daily/apt-compat	libflat00000.so
etc/cron.daily/dpkg	libflat00001.so
etc/security/namespace.init	libflat00002.so
etc/update-motd.d/10-uname	libflat00003.so
usr/bin/[	libflat00004.so
usr/bin/apt	libflat00005.so
usr/bin/apt-cache	libflat00006.so
usr/bin/apt-cdrom	libflat00007.so
usr/bin/apt-config	libflat00008.so
usr/bin/apt-get	libflat00009.so
usr/bin/apt-mark	libflat00010.so
usr/bin/arch	libflat00011.so
usr/bin/b2sum	libflat00012.so
usr/bin/base32	libflat00013.so
usr/bin/base64	libflat00014.so
usr/bin/basename	libflat00015.so
usr/bin/basenc	libflat00016.so
usr/bin/bash	libflat00017.so
usr/bin/bashbug	libflat00018.so
usr/bin/cat	libflat00019.so
usr/bin/chage	libflat00020.so
usr/bin/chcon	libflat00021.so
usr/bin/chfn	libflat00022.so
usr/bin/chgrp	libflat00023.so
usr/bin/chmod	libflat00024.so
usr/bin/choom	libflat00025.so
usr/bin/chown	libflat00026.so
usr/bin/chrt	libflat00027.so
usr/bin/chsh	libflat00028.so
usr/bin/cksum	libflat00029.so
usr/bin/clear	libflat00030.so
usr/bin/clear_console	libflat00031.so
usr/bin/cmp	libflat00032.so
usr/bin/comm	libflat00033.so
usr/bin/cp	libflat00034.so
usr/bin/csplit	libflat00035.so
usr/bin/cut	libflat00036.so
usr/bin/dash	libflat00037.so
usr/bin/date	libflat00038.so
usr/bin/dd	libflat00039.so
usr/bin/deb-systemd-helper	libflat00040.so
usr/bin/deb-systemd-invoke	libflat00041.so
usr/bin/debconf	libflat00042.so
usr/bin/debconf-apt-progress	libflat00043.so
usr/bin/debconf-communicate	libflat00044.so
usr/bin/debconf-copydb	libflat00045.so
usr/bin/debconf-escape	libflat00046.so
usr/bin/debconf-set-selections	libflat00047.so
usr/bin/debconf-show	libflat00048.so
usr/bin/df	libflat00049.so
usr/bin/diff	libflat00050.so
usr/bin/diff3	libflat00051.so
usr/bin/dir	libflat00052.so
usr/bin/dircolors	libflat00053.so
usr/bin/dirname	libflat00054.so
usr/bin/dmesg	libflat00055.so
usr/bin/dpkg	libflat00056.so
usr/bin/dpkg-deb	libflat00057.so
usr/bin/dpkg-divert	libflat00058.so
usr/bin/dpkg-maintscript-helper	libflat00059.so
usr/bin/dpkg-query	libflat00060.so
usr/bin/dpkg-realpath	libflat00061.so
usr/bin/dpkg-split	libflat00062.so
usr/bin/dpkg-statoverride	libflat00063.so
usr/bin/dpkg-trigger	libflat00064.so
usr/bin/du	libflat00065.so
usr/bin/echo	libflat00066.so
usr/bin/egrep	libflat00067.so
usr/bin/env	libflat00068.so
usr/bin/expand	libflat00069.so
usr/bin/expiry	libflat00070.so
usr/bin/expr	libflat00071.so
usr/bin/factor	libflat00072.so
usr/bin/fallocate	libflat00073.so
usr/bin/false	libflat00074.so
usr/bin/fgrep	libflat00075.so
usr/bin/find	libflat00076.so
usr/bin/findmnt	libflat00077.so
usr/bin/flock	libflat00078.so
usr/bin/fmt	libflat00079.so
usr/bin/fold	libflat00080.so
usr/bin/getconf	libflat00081.so
usr/bin/getent	libflat00082.so
usr/bin/getopt	libflat00083.so
usr/bin/gpasswd	libflat00084.so
usr/bin/grep	libflat00085.so
usr/bin/groups	libflat00086.so
usr/bin/gunzip	libflat00087.so
usr/bin/gzexe	libflat00088.so
usr/bin/gzip	libflat00089.so
usr/bin/hardlink	libflat00090.so
usr/bin/head	libflat00091.so
usr/bin/hostid	libflat00092.so
usr/bin/hostname	libflat00093.so
usr/bin/iconv	libflat00094.so
usr/bin/id	libflat00095.so
usr/bin/infocmp	libflat00096.so
usr/bin/install	libflat00097.so
usr/bin/ionice	libflat00098.so
usr/bin/ipcmk	libflat00099.so
usr/bin/ipcrm	libflat00100.so
usr/bin/ipcs	libflat00101.so
usr/bin/ischroot	libflat00102.so
usr/bin/join	libflat00103.so
usr/bin/ldd	libflat00104.so
usr/bin/link	libflat00105.so
usr/bin/ln	libflat00106.so
usr/bin/locale	libflat00107.so
usr/bin/localedef	libflat00108.so
usr/bin/logger	libflat00109.so
usr/bin/login	libflat00110.so
usr/bin/logname	libflat00111.so
usr/bin/ls	libflat00112.so
usr/bin/lsblk	libflat00113.so
usr/bin/lscpu	libflat00114.so
usr/bin/lsipc	libflat00115.so
usr/bin/lslocks	libflat00116.so
usr/bin/lslogins	libflat00117.so
usr/bin/lsmem	libflat00118.so
usr/bin/lsns	libflat00119.so
usr/bin/mawk	libflat00120.so
usr/bin/mcookie	libflat00121.so
usr/bin/md5sum	libflat00122.so
usr/bin/mkdir	libflat00123.so
usr/bin/mkfifo	libflat00124.so
usr/bin/mknod	libflat00125.so
usr/bin/mktemp	libflat00126.so
usr/bin/more	libflat00127.so
usr/bin/mount	libflat00128.so
usr/bin/mountpoint	libflat00129.so
usr/bin/mv	libflat00130.so
usr/bin/namei	libflat00131.so
usr/bin/newgrp	libflat00132.so
usr/bin/nice	libflat00133.so
usr/bin/nl	libflat00134.so
usr/bin/nohup	libflat00135.so
usr/bin/nproc	libflat00136.so
usr/bin/nsenter	libflat00137.so
usr/bin/numfmt	libflat00138.so
usr/bin/od	libflat00139.so
usr/bin/partx	libflat00140.so
usr/bin/passwd	libflat00141.so
usr/bin/paste	libflat00142.so
usr/bin/pathchk	libflat00143.so
usr/bin/perl	libflat00144.so
usr/bin/pinky	libflat00145.so
usr/bin/pldd	libflat00146.so
usr/bin/pr	libflat00147.so
usr/bin/printenv	libflat00148.so
usr/bin/printf	libflat00149.so
usr/bin/prlimit	libflat00150.so
usr/bin/ptx	libflat00151.so
usr/bin/pwd	libflat00152.so
usr/bin/readlink	libflat00153.so
usr/bin/realpath	libflat00154.so
usr/bin/rename.ul	libflat00155.so
usr/bin/renice	libflat00156.so
usr/bin/rev	libflat00157.so
usr/bin/rgrep	libflat00158.so
usr/bin/rm	libflat00159.so
usr/bin/rmdir	libflat00160.so
usr/bin/run-parts	libflat00161.so
usr/bin/runcon	libflat00162.so
usr/bin/savelog	libflat00163.so
usr/bin/script	libflat00164.so
usr/bin/scriptlive	libflat00165.so
usr/bin/scriptreplay	libflat00166.so
usr/bin/sdiff	libflat00167.so
usr/bin/sed	libflat00168.so
usr/bin/seq	libflat00169.so
usr/bin/setarch	libflat00170.so
usr/bin/setpriv	libflat00171.so
usr/bin/setsid	libflat00172.so
usr/bin/setterm	libflat00173.so
usr/bin/sha1sum	libflat00174.so
usr/bin/sha224sum	libflat00175.so
usr/bin/sha256sum	libflat00176.so
usr/bin/sha384sum	libflat00177.so
usr/bin/sha512sum	libflat00178.so
usr/bin/shred	libflat00179.so
usr/bin/shuf	libflat00180.so
usr/bin/sleep	libflat00181.so
usr/bin/sort	libflat00182.so
usr/bin/split	libflat00183.so
usr/bin/sqv	libflat00184.so
usr/bin/stat	libflat00185.so
usr/bin/stdbuf	libflat00186.so
usr/bin/stty	libflat00187.so
usr/bin/su	libflat00188.so
usr/bin/sum	libflat00189.so
usr/bin/sync	libflat00190.so
usr/bin/tabs	libflat00191.so
usr/bin/tac	libflat00192.so
usr/bin/tail	libflat00193.so
usr/bin/tar	libflat00194.so
usr/bin/tee	libflat00195.so
usr/bin/test	libflat00196.so
usr/bin/tr	libflat00197.so
usr/bin/true	libflat00198.so
usr/bin/tty	libflat00199.so
usr/bin/uclampset	libflat00200.so
usr/bin/uniq	libflat00201.so
usr/bin/update-alternatives	libflat00202.so
usr/bin/vdir	libflat00203.so
usr/bin/whereis	libflat00204.so
usr/bin/which.debianutils	libflat00205.so
usr/bin/who	libflat00206.so
usr/bin/yes	libflat00207.so
usr/bin/zdiff	libflat00208.so
usr/bin/zegrep	libflat00209.so
usr/bin/zforce	libflat00210.so
usr/bin/zless	libflat00211.so
usr/bin/znew	libflat00212.so
usr/bin/perl5.40.1	libflat00213.so
usr/bin/taskset	libflat00214.so
usr/bin/tempfile	libflat00215.so
usr/bin/tic	libflat00216.so
usr/bin/timeout	libflat00217.so
usr/bin/toe	libflat00218.so
usr/bin/touch	libflat00219.so
usr/bin/tput	libflat00220.so
usr/bin/truncate	libflat00221.so
usr/bin/tset	libflat00222.so
usr/bin/tsort	libflat00223.so
usr/bin/tzselect	libflat00224.so
usr/bin/umount	libflat00225.so
usr/bin/uname	libflat00226.so
usr/bin/unexpand	libflat00227.so
usr/bin/unlink	libflat00228.so
usr/bin/unshare	libflat00229.so
usr/bin/users	libflat00230.so
usr/bin/wall	libflat00231.so
usr/bin/wc	libflat00232.so
usr/bin/wdctl	libflat00233.so
usr/bin/whoami	libflat00234.so
usr/bin/xargs	libflat00235.so
usr/bin/zcat	libflat00236.so
usr/bin/zcmp	libflat00237.so
usr/bin/zdump	libflat00238.so
usr/bin/zfgrep	libflat00239.so
usr/bin/zgrep	libflat00240.so
usr/bin/zmore	libflat00241.so
usr/lib/aarch64-linux-gnu/ld-linux-aarch64.so.1	libflat00242.so
usr/lib/aarch64-linux-gnu/libBrokenLocale.so.1	libflat00243.so
usr/lib/aarch64-linux-gnu/libacl.so.1.1.2302	libflat00244.so
usr/lib/aarch64-linux-gnu/libanl.so.1	libflat00245.so
usr/lib/aarch64-linux-gnu/libapt-pkg.so.7.0.0	libflat00246.so
usr/lib/aarch64-linux-gnu/libapt-private.so.0.0.0	libflat00247.so
usr/lib/aarch64-linux-gnu/libattr.so.1.1.2502	libflat00248.so
usr/lib/aarch64-linux-gnu/libaudit.so.1.0.0	libflat00249.so
usr/lib/aarch64-linux-gnu/libblkid.so.1.1.0	libflat00250.so
usr/lib/aarch64-linux-gnu/libbsd.so.0.12.2	libflat00251.so
usr/lib/aarch64-linux-gnu/libbz2.so.1.0.4	libflat00252.so
usr/lib/aarch64-linux-gnu/libc.so.6	libflat00253.so
usr/lib/aarch64-linux-gnu/libc_malloc_debug.so.0	libflat00254.so
usr/lib/aarch64-linux-gnu/libcap-ng.so.0.0.0	libflat00255.so
usr/lib/aarch64-linux-gnu/libcap.so.2.75	libflat00256.so
usr/lib/aarch64-linux-gnu/libcrypt.so.1.1.0	libflat00257.so
usr/lib/aarch64-linux-gnu/libcrypto.so.3	libflat00258.so
usr/lib/aarch64-linux-gnu/libdb-5.3.so	libflat00259.so
usr/lib/aarch64-linux-gnu/libdebconfclient.so.0.0.0	libflat00260.so
usr/lib/aarch64-linux-gnu/libdl.so.2	libflat00261.so
usr/lib/aarch64-linux-gnu/libdrop_ambient.so.0.0.0	libflat00262.so
usr/lib/aarch64-linux-gnu/libgcc_s.so.1	libflat00263.so
usr/lib/aarch64-linux-gnu/libgmp.so.10.5.0	libflat00264.so
usr/lib/aarch64-linux-gnu/libhogweed.so.6.10	libflat00265.so
usr/lib/aarch64-linux-gnu/liblastlog2.so.2.0.0	libflat00266.so
usr/lib/aarch64-linux-gnu/liblz4.so.1.10.0	libflat00267.so
usr/lib/aarch64-linux-gnu/liblzma.so.5.8.1	libflat00268.so
usr/lib/aarch64-linux-gnu/libm.so.6	libflat00269.so
usr/lib/aarch64-linux-gnu/libmd.so.0.1.0	libflat00270.so
usr/lib/aarch64-linux-gnu/libmemusage.so	libflat00271.so
usr/lib/aarch64-linux-gnu/libmount.so.1.1.0	libflat00272.so
usr/lib/aarch64-linux-gnu/libmvec.so.1	libflat00273.so
usr/lib/aarch64-linux-gnu/libnettle.so.8.10	libflat00274.so
usr/lib/aarch64-linux-gnu/libnsl.so.1	libflat00275.so
usr/lib/aarch64-linux-gnu/libnss_compat.so.2	libflat00276.so
usr/lib/aarch64-linux-gnu/libnss_dns.so.2	libflat00277.so
usr/lib/aarch64-linux-gnu/libnss_files.so.2	libflat00278.so
usr/lib/aarch64-linux-gnu/libnss_hesiod.so.2	libflat00279.so
usr/lib/aarch64-linux-gnu/libpam.so.0.85.1	libflat00280.so
usr/lib/aarch64-linux-gnu/libpam_misc.so.0.82.1	libflat00281.so
usr/lib/aarch64-linux-gnu/libpamc.so.0.82.1	libflat00282.so
usr/lib/aarch64-linux-gnu/libpcprofile.so	libflat00283.so
usr/lib/aarch64-linux-gnu/libpcre2-8.so.0.14.0	libflat00284.so
usr/lib/aarch64-linux-gnu/libpsx.so.2.75	libflat00285.so
usr/lib/aarch64-linux-gnu/libpthread.so.0	libflat00286.so
usr/lib/aarch64-linux-gnu/libresolv.so.2	libflat00287.so
usr/lib/aarch64-linux-gnu/librt.so.1	libflat00288.so
usr/lib/aarch64-linux-gnu/libseccomp.so.2.6.0	libflat00289.so
usr/lib/aarch64-linux-gnu/libselinux.so.1	libflat00290.so
usr/lib/aarch64-linux-gnu/libsemanage.so.2	libflat00291.so
usr/lib/aarch64-linux-gnu/libsepol.so.2	libflat00292.so
usr/lib/aarch64-linux-gnu/libsmartcols.so.1.1.0	libflat00293.so
usr/lib/aarch64-linux-gnu/libsqlite3.so.0.8.6	libflat00294.so
usr/lib/aarch64-linux-gnu/libssl.so.3	libflat00295.so
usr/lib/aarch64-linux-gnu/libstdc++.so.6.0.33	libflat00296.so
usr/lib/aarch64-linux-gnu/libsystemd.so.0.40.0	libflat00297.so
usr/lib/aarch64-linux-gnu/libthread_db.so.1	libflat00298.so
usr/lib/aarch64-linux-gnu/libtic.so.6.5	libflat00299.so
usr/lib/aarch64-linux-gnu/libtinfo.so.6.5	libflat00300.so
usr/lib/aarch64-linux-gnu/libudev.so.1.7.10	libflat00301.so
usr/lib/aarch64-linux-gnu/libutil.so.1	libflat00302.so
usr/lib/aarch64-linux-gnu/libuuid.so.1.3.0	libflat00303.so
usr/lib/aarch64-linux-gnu/libxxhash.so.0.8.3	libflat00304.so
usr/lib/aarch64-linux-gnu/libz.so.1.3.1	libflat00305.so
usr/lib/aarch64-linux-gnu/libzstd.so.1.5.7	libflat00306.so
usr/lib/aarch64-linux-gnu/engines-3/afalg.so	libflat00307.so
usr/lib/aarch64-linux-gnu/engines-3/loader_attic.so	libflat00308.so
usr/lib/aarch64-linux-gnu/gconv/ANSI_X3.110.so	libflat00309.so
usr/lib/aarch64-linux-gnu/gconv/ARMSCII-8.so	libflat00310.so
usr/lib/aarch64-linux-gnu/gconv/ASMO_449.so	libflat00311.so
usr/lib/aarch64-linux-gnu/gconv/BIG5.so	libflat00312.so
usr/lib/aarch64-linux-gnu/gconv/BIG5HKSCS.so	libflat00313.so
usr/lib/aarch64-linux-gnu/gconv/BRF.so	libflat00314.so
usr/lib/aarch64-linux-gnu/gconv/CP10007.so	libflat00315.so
usr/lib/aarch64-linux-gnu/gconv/CP1125.so	libflat00316.so
usr/lib/aarch64-linux-gnu/gconv/CP1250.so	libflat00317.so
usr/lib/aarch64-linux-gnu/gconv/CP1251.so	libflat00318.so
usr/lib/aarch64-linux-gnu/gconv/CP1252.so	libflat00319.so
usr/lib/aarch64-linux-gnu/gconv/CP1253.so	libflat00320.so
usr/lib/aarch64-linux-gnu/gconv/CP1254.so	libflat00321.so
usr/lib/aarch64-linux-gnu/gconv/CP1255.so	libflat00322.so
usr/lib/aarch64-linux-gnu/gconv/CP1256.so	libflat00323.so
usr/lib/aarch64-linux-gnu/gconv/CP1257.so	libflat00324.so
usr/lib/aarch64-linux-gnu/gconv/CP1258.so	libflat00325.so
usr/lib/aarch64-linux-gnu/gconv/CP737.so	libflat00326.so
usr/lib/aarch64-linux-gnu/gconv/CP770.so	libflat00327.so
usr/lib/aarch64-linux-gnu/gconv/CP771.so	libflat00328.so
usr/lib/aarch64-linux-gnu/gconv/CP772.so	libflat00329.so
usr/lib/aarch64-linux-gnu/gconv/CP773.so	libflat00330.so
usr/lib/aarch64-linux-gnu/gconv/CP774.so	libflat00331.so
usr/lib/aarch64-linux-gnu/gconv/CP775.so	libflat00332.so
usr/lib/aarch64-linux-gnu/gconv/CP932.so	libflat00333.so
usr/lib/aarch64-linux-gnu/gconv/CSN_369103.so	libflat00334.so
usr/lib/aarch64-linux-gnu/gconv/CWI.so	libflat00335.so
usr/lib/aarch64-linux-gnu/gconv/DEC-MCS.so	libflat00336.so
usr/lib/aarch64-linux-gnu/gconv/EBCDIC-AT-DE-A.so	libflat00337.so
usr/lib/aarch64-linux-gnu/gconv/EBCDIC-AT-DE.so	libflat00338.so
usr/lib/aarch64-linux-gnu/gconv/EBCDIC-CA-FR.so	libflat00339.so
usr/lib/aarch64-linux-gnu/gconv/EBCDIC-DK-NO-A.so	libflat00340.so
usr/lib/aarch64-linux-gnu/gconv/EBCDIC-DK-NO.so	libflat00341.so
usr/lib/aarch64-linux-gnu/gconv/EBCDIC-ES-A.so	libflat00342.so
usr/lib/aarch64-linux-gnu/gconv/EBCDIC-ES-S.so	libflat00343.so
usr/lib/aarch64-linux-gnu/gconv/EBCDIC-ES.so	libflat00344.so
usr/lib/aarch64-linux-gnu/gconv/EBCDIC-FI-SE-A.so	libflat00345.so
usr/lib/aarch64-linux-gnu/gconv/EBCDIC-FI-SE.so	libflat00346.so
usr/lib/aarch64-linux-gnu/gconv/EBCDIC-FR.so	libflat00347.so
usr/lib/aarch64-linux-gnu/gconv/EBCDIC-IS-FRISS.so	libflat00348.so
usr/lib/aarch64-linux-gnu/gconv/EBCDIC-IT.so	libflat00349.so
usr/lib/aarch64-linux-gnu/gconv/EBCDIC-PT.so	libflat00350.so
usr/lib/aarch64-linux-gnu/gconv/EBCDIC-UK.so	libflat00351.so
usr/lib/aarch64-linux-gnu/gconv/EBCDIC-US.so	libflat00352.so
usr/lib/aarch64-linux-gnu/gconv/ECMA-CYRILLIC.so	libflat00353.so
usr/lib/aarch64-linux-gnu/gconv/EUC-CN.so	libflat00354.so
usr/lib/aarch64-linux-gnu/gconv/EUC-JISX0213.so	libflat00355.so
usr/lib/aarch64-linux-gnu/gconv/EUC-JP-MS.so	libflat00356.so
usr/lib/aarch64-linux-gnu/gconv/EUC-JP.so	libflat00357.so
usr/lib/aarch64-linux-gnu/gconv/EUC-KR.so	libflat00358.so
usr/lib/aarch64-linux-gnu/gconv/EUC-TW.so	libflat00359.so
usr/lib/aarch64-linux-gnu/gconv/GB18030.so	libflat00360.so
usr/lib/aarch64-linux-gnu/gconv/GBBIG5.so	libflat00361.so
usr/lib/aarch64-linux-gnu/gconv/GBGBK.so	libflat00362.so
usr/lib/aarch64-linux-gnu/gconv/GBK.so	libflat00363.so
usr/lib/aarch64-linux-gnu/gconv/GEORGIAN-ACADEMY.so	libflat00364.so
usr/lib/aarch64-linux-gnu/gconv/GEORGIAN-PS.so	libflat00365.so
usr/lib/aarch64-linux-gnu/gconv/GOST_19768-74.so	libflat00366.so
usr/lib/aarch64-linux-gnu/gconv/GREEK-CCITT.so	libflat00367.so
usr/lib/aarch64-linux-gnu/gconv/GREEK7-OLD.so	libflat00368.so
usr/lib/aarch64-linux-gnu/gconv/GREEK7.so	libflat00369.so
usr/lib/aarch64-linux-gnu/gconv/HP-GREEK8.so	libflat00370.so
usr/lib/aarch64-linux-gnu/gconv/HP-ROMAN8.so	libflat00371.so
usr/lib/aarch64-linux-gnu/gconv/HP-ROMAN9.so	libflat00372.so
usr/lib/aarch64-linux-gnu/gconv/HP-THAI8.so	libflat00373.so
usr/lib/aarch64-linux-gnu/gconv/HP-TURKISH8.so	libflat00374.so
usr/lib/aarch64-linux-gnu/gconv/IBM037.so	libflat00375.so
usr/lib/aarch64-linux-gnu/gconv/IBM038.so	libflat00376.so
usr/lib/aarch64-linux-gnu/gconv/IBM1004.so	libflat00377.so
usr/lib/aarch64-linux-gnu/gconv/IBM1008.so	libflat00378.so
usr/lib/aarch64-linux-gnu/gconv/IBM1008_420.so	libflat00379.so
usr/lib/aarch64-linux-gnu/gconv/IBM1025.so	libflat00380.so
usr/lib/aarch64-linux-gnu/gconv/IBM1026.so	libflat00381.so
usr/lib/aarch64-linux-gnu/gconv/IBM1046.so	libflat00382.so
usr/lib/aarch64-linux-gnu/gconv/IBM1047.so	libflat00383.so
usr/lib/aarch64-linux-gnu/gconv/IBM1097.so	libflat00384.so
usr/lib/aarch64-linux-gnu/gconv/IBM1112.so	libflat00385.so
usr/lib/aarch64-linux-gnu/gconv/IBM1122.so	libflat00386.so
usr/lib/aarch64-linux-gnu/gconv/IBM1123.so	libflat00387.so
usr/lib/aarch64-linux-gnu/gconv/IBM1124.so	libflat00388.so
usr/lib/aarch64-linux-gnu/gconv/IBM1129.so	libflat00389.so
usr/lib/aarch64-linux-gnu/gconv/IBM1130.so	libflat00390.so
usr/lib/aarch64-linux-gnu/gconv/IBM1132.so	libflat00391.so
usr/lib/aarch64-linux-gnu/gconv/IBM1133.so	libflat00392.so
usr/lib/aarch64-linux-gnu/gconv/IBM1137.so	libflat00393.so
usr/lib/aarch64-linux-gnu/gconv/IBM1140.so	libflat00394.so
usr/lib/aarch64-linux-gnu/gconv/IBM1141.so	libflat00395.so
usr/lib/aarch64-linux-gnu/gconv/IBM1142.so	libflat00396.so
usr/lib/aarch64-linux-gnu/gconv/IBM1143.so	libflat00397.so
usr/lib/aarch64-linux-gnu/gconv/IBM1144.so	libflat00398.so
usr/lib/aarch64-linux-gnu/gconv/IBM1145.so	libflat00399.so
usr/lib/aarch64-linux-gnu/gconv/IBM1146.so	libflat00400.so
usr/lib/aarch64-linux-gnu/gconv/IBM1147.so	libflat00401.so
usr/lib/aarch64-linux-gnu/gconv/IBM1148.so	libflat00402.so
usr/lib/aarch64-linux-gnu/gconv/IBM1149.so	libflat00403.so
usr/lib/aarch64-linux-gnu/gconv/IBM1153.so	libflat00404.so
usr/lib/aarch64-linux-gnu/gconv/IBM1154.so	libflat00405.so
usr/lib/aarch64-linux-gnu/gconv/IBM1155.so	libflat00406.so
usr/lib/aarch64-linux-gnu/gconv/IBM1156.so	libflat00407.so
usr/lib/aarch64-linux-gnu/gconv/IBM1157.so	libflat00408.so
usr/lib/aarch64-linux-gnu/gconv/IBM1158.so	libflat00409.so
usr/lib/aarch64-linux-gnu/gconv/IBM1160.so	libflat00410.so
usr/lib/aarch64-linux-gnu/gconv/IBM1161.so	libflat00411.so
usr/lib/aarch64-linux-gnu/gconv/IBM1162.so	libflat00412.so
usr/lib/aarch64-linux-gnu/gconv/IBM1163.so	libflat00413.so
usr/lib/aarch64-linux-gnu/gconv/IBM1164.so	libflat00414.so
usr/lib/aarch64-linux-gnu/gconv/IBM1166.so	libflat00415.so
usr/lib/aarch64-linux-gnu/gconv/IBM1167.so	libflat00416.so
usr/lib/aarch64-linux-gnu/gconv/IBM12712.so	libflat00417.so
usr/lib/aarch64-linux-gnu/gconv/IBM1364.so	libflat00418.so
usr/lib/aarch64-linux-gnu/gconv/IBM1371.so	libflat00419.so
usr/lib/aarch64-linux-gnu/gconv/IBM1388.so	libflat00420.so
usr/lib/aarch64-linux-gnu/gconv/IBM1390.so	libflat00421.so
usr/lib/aarch64-linux-gnu/gconv/IBM1399.so	libflat00422.so
usr/lib/aarch64-linux-gnu/gconv/IBM16804.so	libflat00423.so
usr/lib/aarch64-linux-gnu/gconv/IBM256.so	libflat00424.so
usr/lib/aarch64-linux-gnu/gconv/IBM273.so	libflat00425.so
usr/lib/aarch64-linux-gnu/gconv/IBM274.so	libflat00426.so
usr/lib/aarch64-linux-gnu/gconv/IBM275.so	libflat00427.so
usr/lib/aarch64-linux-gnu/gconv/IBM277.so	libflat00428.so
usr/lib/aarch64-linux-gnu/gconv/IBM278.so	libflat00429.so
usr/lib/aarch64-linux-gnu/gconv/IBM280.so	libflat00430.so
usr/lib/aarch64-linux-gnu/gconv/IBM281.so	libflat00431.so
usr/lib/aarch64-linux-gnu/gconv/IBM284.so	libflat00432.so
usr/lib/aarch64-linux-gnu/gconv/IBM285.so	libflat00433.so
usr/lib/aarch64-linux-gnu/gconv/IBM290.so	libflat00434.so
usr/lib/aarch64-linux-gnu/gconv/IBM297.so	libflat00435.so
usr/lib/aarch64-linux-gnu/gconv/IBM420.so	libflat00436.so
usr/lib/aarch64-linux-gnu/gconv/IBM423.so	libflat00437.so
usr/lib/aarch64-linux-gnu/gconv/IBM424.so	libflat00438.so
usr/lib/aarch64-linux-gnu/gconv/IBM437.so	libflat00439.so
usr/lib/aarch64-linux-gnu/gconv/IBM4517.so	libflat00440.so
usr/lib/aarch64-linux-gnu/gconv/IBM4899.so	libflat00441.so
usr/lib/aarch64-linux-gnu/gconv/IBM4909.so	libflat00442.so
usr/lib/aarch64-linux-gnu/gconv/IBM4971.so	libflat00443.so
usr/lib/aarch64-linux-gnu/gconv/IBM500.so	libflat00444.so
usr/lib/aarch64-linux-gnu/gconv/IBM5347.so	libflat00445.so
usr/lib/aarch64-linux-gnu/gconv/IBM803.so	libflat00446.so
usr/lib/aarch64-linux-gnu/gconv/IBM850.so	libflat00447.so
usr/lib/aarch64-linux-gnu/gconv/IBM851.so	libflat00448.so
usr/lib/aarch64-linux-gnu/gconv/IBM852.so	libflat00449.so
usr/lib/aarch64-linux-gnu/gconv/IBM855.so	libflat00450.so
usr/lib/aarch64-linux-gnu/gconv/IBM856.so	libflat00451.so
usr/lib/aarch64-linux-gnu/gconv/IBM857.so	libflat00452.so
usr/lib/aarch64-linux-gnu/gconv/IBM858.so	libflat00453.so
usr/lib/aarch64-linux-gnu/gconv/IBM860.so	libflat00454.so
usr/lib/aarch64-linux-gnu/gconv/IBM861.so	libflat00455.so
usr/lib/aarch64-linux-gnu/gconv/IBM862.so	libflat00456.so
usr/lib/aarch64-linux-gnu/gconv/IBM863.so	libflat00457.so
usr/lib/aarch64-linux-gnu/gconv/IBM864.so	libflat00458.so
usr/lib/aarch64-linux-gnu/gconv/IBM865.so	libflat00459.so
usr/lib/aarch64-linux-gnu/gconv/IBM866.so	libflat00460.so
usr/lib/aarch64-linux-gnu/gconv/IBM866NAV.so	libflat00461.so
usr/lib/aarch64-linux-gnu/gconv/IBM868.so	libflat00462.so
usr/lib/aarch64-linux-gnu/gconv/IBM869.so	libflat00463.so
usr/lib/aarch64-linux-gnu/gconv/IBM870.so	libflat00464.so
usr/lib/aarch64-linux-gnu/gconv/IBM871.so	libflat00465.so
usr/lib/aarch64-linux-gnu/gconv/IBM874.so	libflat00466.so
usr/lib/aarch64-linux-gnu/gconv/IBM875.so	libflat00467.so
usr/lib/aarch64-linux-gnu/gconv/IBM880.so	libflat00468.so
usr/lib/aarch64-linux-gnu/gconv/IBM891.so	libflat00469.so
usr/lib/aarch64-linux-gnu/gconv/IBM901.so	libflat00470.so
usr/lib/aarch64-linux-gnu/gconv/IBM902.so	libflat00471.so
usr/lib/aarch64-linux-gnu/gconv/IBM903.so	libflat00472.so
usr/lib/aarch64-linux-gnu/gconv/IBM9030.so	libflat00473.so
usr/lib/aarch64-linux-gnu/gconv/IBM904.so	libflat00474.so
usr/lib/aarch64-linux-gnu/gconv/IBM905.so	libflat00475.so
usr/lib/aarch64-linux-gnu/gconv/IBM9066.so	libflat00476.so
usr/lib/aarch64-linux-gnu/gconv/IBM918.so	libflat00477.so
usr/lib/aarch64-linux-gnu/gconv/IBM921.so	libflat00478.so
usr/lib/aarch64-linux-gnu/gconv/IBM922.so	libflat00479.so
usr/lib/aarch64-linux-gnu/gconv/IBM930.so	libflat00480.so
usr/lib/aarch64-linux-gnu/gconv/IBM932.so	libflat00481.so
usr/lib/aarch64-linux-gnu/gconv/IBM933.so	libflat00482.so
usr/lib/aarch64-linux-gnu/gconv/IBM935.so	libflat00483.so
usr/lib/aarch64-linux-gnu/gconv/IBM937.so	libflat00484.so
usr/lib/aarch64-linux-gnu/gconv/IBM939.so	libflat00485.so
usr/lib/aarch64-linux-gnu/gconv/IBM943.so	libflat00486.so
usr/lib/aarch64-linux-gnu/gconv/IBM9448.so	libflat00487.so
usr/lib/aarch64-linux-gnu/gconv/IEC_P27-1.so	libflat00488.so
usr/lib/aarch64-linux-gnu/gconv/INIS-8.so	libflat00489.so
usr/lib/aarch64-linux-gnu/gconv/INIS-CYRILLIC.so	libflat00490.so
usr/lib/aarch64-linux-gnu/gconv/INIS.so	libflat00491.so
usr/lib/aarch64-linux-gnu/gconv/ISIRI-3342.so	libflat00492.so
usr/lib/aarch64-linux-gnu/gconv/ISO-2022-CN-EXT.so	libflat00493.so
usr/lib/aarch64-linux-gnu/gconv/ISO-2022-CN.so	libflat00494.so
usr/lib/aarch64-linux-gnu/gconv/ISO-2022-JP-3.so	libflat00495.so
usr/lib/aarch64-linux-gnu/gconv/ISO-2022-JP.so	libflat00496.so
usr/lib/aarch64-linux-gnu/gconv/ISO-2022-KR.so	libflat00497.so
usr/lib/aarch64-linux-gnu/gconv/ISO-IR-197.so	libflat00498.so
usr/lib/aarch64-linux-gnu/gconv/ISO-IR-209.so	libflat00499.so
usr/lib/aarch64-linux-gnu/gconv/ISO646.so	libflat00500.so
usr/lib/aarch64-linux-gnu/gconv/ISO8859-1.so	libflat00501.so
usr/lib/aarch64-linux-gnu/gconv/ISO8859-10.so	libflat00502.so
usr/lib/aarch64-linux-gnu/gconv/ISO8859-11.so	libflat00503.so
usr/lib/aarch64-linux-gnu/gconv/ISO8859-13.so	libflat00504.so
usr/lib/aarch64-linux-gnu/gconv/ISO8859-14.so	libflat00505.so
usr/lib/aarch64-linux-gnu/gconv/ISO8859-15.so	libflat00506.so
usr/lib/aarch64-linux-gnu/gconv/ISO8859-16.so	libflat00507.so
usr/lib/aarch64-linux-gnu/gconv/ISO8859-2.so	libflat00508.so
usr/lib/aarch64-linux-gnu/gconv/ISO8859-3.so	libflat00509.so
usr/lib/aarch64-linux-gnu/gconv/ISO8859-4.so	libflat00510.so
usr/lib/aarch64-linux-gnu/gconv/ISO8859-5.so	libflat00511.so
usr/lib/aarch64-linux-gnu/gconv/ISO8859-6.so	libflat00512.so
usr/lib/aarch64-linux-gnu/gconv/ISO8859-7.so	libflat00513.so
usr/lib/aarch64-linux-gnu/gconv/ISO8859-8.so	libflat00514.so
usr/lib/aarch64-linux-gnu/gconv/ISO8859-9.so	libflat00515.so
usr/lib/aarch64-linux-gnu/gconv/ISO_10367-BOX.so	libflat00516.so
usr/lib/aarch64-linux-gnu/gconv/ISO_11548-1.so	libflat00517.so
usr/lib/aarch64-linux-gnu/gconv/ISO_2033.so	libflat00518.so
usr/lib/aarch64-linux-gnu/gconv/ISO_5427-EXT.so	libflat00519.so
usr/lib/aarch64-linux-gnu/gconv/ISO_6937-2.so	libflat00520.so
usr/lib/aarch64-linux-gnu/gconv/KOI8-R.so	libflat00521.so
usr/lib/aarch64-linux-gnu/gconv/KOI8-T.so	libflat00522.so
usr/lib/aarch64-linux-gnu/gconv/KOI8-U.so	libflat00523.so
usr/lib/aarch64-linux-gnu/gconv/LATIN-GREEK-1.so	libflat00524.so
usr/lib/aarch64-linux-gnu/gconv/MAC-SAMI.so	libflat00525.so
usr/lib/aarch64-linux-gnu/gconv/MACINTOSH.so	libflat00526.so
usr/lib/aarch64-linux-gnu/gconv/MIK.so	libflat00527.so
usr/lib/aarch64-linux-gnu/gconv/NATS-DANO.so	libflat00528.so
usr/lib/aarch64-linux-gnu/gconv/RK1048.so	libflat00529.so
usr/lib/aarch64-linux-gnu/gconv/SAMI-WS2.so	libflat00530.so
usr/lib/aarch64-linux-gnu/gconv/T.61.so	libflat00531.so
usr/lib/aarch64-linux-gnu/gconv/TCVN5712-1.so	libflat00532.so
usr/lib/aarch64-linux-gnu/gconv/TIS-620.so	libflat00533.so
usr/lib/aarch64-linux-gnu/gconv/TSCII.so	libflat00534.so
usr/lib/aarch64-linux-gnu/gconv/UHC.so	libflat00535.so
usr/lib/aarch64-linux-gnu/gconv/UTF-16.so	libflat00536.so
usr/lib/aarch64-linux-gnu/gconv/UTF-7.so	libflat00537.so
usr/lib/aarch64-linux-gnu/gconv/libCNS.so	libflat00538.so
usr/lib/aarch64-linux-gnu/gconv/libISOIR165.so	libflat00539.so
usr/lib/aarch64-linux-gnu/gconv/ISO8859-9E.so	libflat00540.so
usr/lib/aarch64-linux-gnu/gconv/ISO_5427.so	libflat00541.so
usr/lib/aarch64-linux-gnu/gconv/ISO_5428.so	libflat00542.so
usr/lib/aarch64-linux-gnu/gconv/ISO_6937.so	libflat00543.so
usr/lib/aarch64-linux-gnu/gconv/JOHAB.so	libflat00544.so
usr/lib/aarch64-linux-gnu/gconv/KOI-8.so	libflat00545.so
usr/lib/aarch64-linux-gnu/gconv/KOI8-RU.so	libflat00546.so
usr/lib/aarch64-linux-gnu/gconv/LATIN-GREEK.so	libflat00547.so
usr/lib/aarch64-linux-gnu/gconv/MAC-CENTRALEUROPE.so	libflat00548.so
usr/lib/aarch64-linux-gnu/gconv/MAC-IS.so	libflat00549.so
usr/lib/aarch64-linux-gnu/gconv/MAC-UK.so	libflat00550.so
usr/lib/aarch64-linux-gnu/gconv/NATS-SEFI.so	libflat00551.so
usr/lib/aarch64-linux-gnu/gconv/PT154.so	libflat00552.so
usr/lib/aarch64-linux-gnu/gconv/SHIFT_JISX0213.so	libflat00553.so
usr/lib/aarch64-linux-gnu/gconv/SJIS.so	libflat00554.so
usr/lib/aarch64-linux-gnu/gconv/UNICODE.so	libflat00555.so
usr/lib/aarch64-linux-gnu/gconv/UTF-32.so	libflat00556.so
usr/lib/aarch64-linux-gnu/gconv/VISCII.so	libflat00557.so
usr/lib/aarch64-linux-gnu/gconv/libGB.so	libflat00558.so
usr/lib/aarch64-linux-gnu/gconv/libJIS.so	libflat00559.so
usr/lib/aarch64-linux-gnu/gconv/libJISX0213.so	libflat00560.so
usr/lib/aarch64-linux-gnu/gconv/libKSC.so	libflat00561.so
usr/lib/aarch64-linux-gnu/ossl-modules/legacy.so	libflat00562.so
usr/lib/aarch64-linux-gnu/perl-base/auto/Cwd/Cwd.so	libflat00563.so
usr/lib/aarch64-linux-gnu/perl-base/auto/Fcntl/Fcntl.so	libflat00564.so
usr/lib/aarch64-linux-gnu/perl-base/auto/File/Glob/Glob.so	libflat00565.so
usr/lib/aarch64-linux-gnu/perl-base/auto/Hash/Util/Util.so	libflat00566.so
usr/lib/aarch64-linux-gnu/perl-base/auto/IO/IO.so	libflat00567.so
usr/lib/aarch64-linux-gnu/perl-base/auto/List/Util/Util.so	libflat00568.so
usr/lib/aarch64-linux-gnu/perl-base/auto/POSIX/POSIX.so	libflat00569.so
usr/lib/aarch64-linux-gnu/perl-base/auto/Socket/Socket.so	libflat00570.so
usr/lib/aarch64-linux-gnu/perl-base/auto/attributes/attributes.so	libflat00571.so
usr/lib/aarch64-linux-gnu/perl-base/auto/re/re.so	libflat00572.so
usr/lib/aarch64-linux-gnu/security/pam_access.so	libflat00573.so
usr/lib/aarch64-linux-gnu/security/pam_canonicalize_user.so	libflat00574.so
usr/lib/aarch64-linux-gnu/security/pam_debug.so	libflat00575.so
usr/lib/aarch64-linux-gnu/security/pam_deny.so	libflat00576.so
usr/lib/aarch64-linux-gnu/security/pam_echo.so	libflat00577.so
usr/lib/aarch64-linux-gnu/security/pam_env.so	libflat00578.so
usr/lib/aarch64-linux-gnu/security/pam_exec.so	libflat00579.so
usr/lib/aarch64-linux-gnu/security/pam_faildelay.so	libflat00580.so
usr/lib/aarch64-linux-gnu/security/pam_faillock.so	libflat00581.so
usr/lib/aarch64-linux-gnu/security/pam_filter.so	libflat00582.so
usr/lib/aarch64-linux-gnu/security/pam_ftp.so	libflat00583.so
usr/lib/aarch64-linux-gnu/security/pam_group.so	libflat00584.so
usr/lib/aarch64-linux-gnu/security/pam_issue.so	libflat00585.so
usr/lib/aarch64-linux-gnu/security/pam_keyinit.so	libflat00586.so
usr/lib/aarch64-linux-gnu/security/pam_limits.so	libflat00587.so
usr/lib/aarch64-linux-gnu/security/pam_listfile.so	libflat00588.so
usr/lib/aarch64-linux-gnu/security/pam_localuser.so	libflat00589.so
usr/lib/aarch64-linux-gnu/security/pam_loginuid.so	libflat00590.so
usr/lib/aarch64-linux-gnu/security/pam_mail.so	libflat00591.so
usr/lib/aarch64-linux-gnu/security/pam_mkhomedir.so	libflat00592.so
usr/lib/aarch64-linux-gnu/security/pam_motd.so	libflat00593.so
usr/lib/aarch64-linux-gnu/security/pam_namespace.so	libflat00594.so
usr/lib/aarch64-linux-gnu/security/pam_nologin.so	libflat00595.so
usr/lib/aarch64-linux-gnu/security/pam_permit.so	libflat00596.so
usr/lib/aarch64-linux-gnu/security/pam_pwhistory.so	libflat00597.so
usr/lib/aarch64-linux-gnu/security/pam_rhosts.so	libflat00598.so
usr/lib/aarch64-linux-gnu/security/pam_rootok.so	libflat00599.so
usr/lib/aarch64-linux-gnu/security/pam_securetty.so	libflat00600.so
usr/lib/aarch64-linux-gnu/security/pam_selinux.so	libflat00601.so
usr/lib/aarch64-linux-gnu/security/pam_sepermit.so	libflat00602.so
usr/lib/aarch64-linux-gnu/security/pam_setquota.so	libflat00603.so
usr/lib/aarch64-linux-gnu/security/pam_shells.so	libflat00604.so
usr/lib/aarch64-linux-gnu/security/pam_stress.so	libflat00605.so
usr/lib/aarch64-linux-gnu/security/pam_succeed_if.so	libflat00606.so
usr/lib/aarch64-linux-gnu/security/pam_time.so	libflat00607.so
usr/lib/aarch64-linux-gnu/security/pam_timestamp.so	libflat00608.so
usr/lib/aarch64-linux-gnu/security/pam_tty_audit.so	libflat00609.so
usr/lib/aarch64-linux-gnu/security/pam_umask.so	libflat00610.so
usr/lib/aarch64-linux-gnu/security/pam_unix.so	libflat00611.so
usr/lib/aarch64-linux-gnu/security/pam_userdb.so	libflat00612.so
usr/lib/aarch64-linux-gnu/security/pam_usertype.so	libflat00613.so
usr/lib/aarch64-linux-gnu/security/pam_warn.so	libflat00614.so
usr/lib/aarch64-linux-gnu/security/pam_wheel.so	libflat00615.so
usr/lib/aarch64-linux-gnu/security/pam_xauth.so	libflat00616.so
usr/lib/apt/apt-extracttemplates	libflat00617.so
usr/lib/apt/apt-helper	libflat00618.so
usr/lib/apt/apt.systemd.daily	libflat00619.so
usr/lib/apt/methods/cdrom	libflat00620.so
usr/lib/apt/methods/copy	libflat00621.so
usr/lib/apt/methods/file	libflat00622.so
usr/lib/apt/methods/gpgv	libflat00623.so
usr/lib/apt/methods/http	libflat00624.so
usr/lib/apt/methods/mirror	libflat00625.so
usr/lib/apt/methods/rred	libflat00626.so
usr/lib/apt/methods/sqv	libflat00627.so
usr/lib/apt/methods/store	libflat00628.so
usr/lib/apt/solvers/dump	libflat00629.so
usr/lib/dpkg/methods/apt/install	libflat00630.so
usr/lib/dpkg/methods/apt/setup	libflat00631.so
usr/lib/dpkg/methods/apt/update	libflat00632.so
usr/lib/init/init-d-script	libflat00633.so
usr/libexec/coreutils/libstdbuf.so	libflat00634.so
usr/libexec/dpkg/dpkg-db-backup	libflat00635.so
usr/libexec/dpkg/dpkg-db-keeper	libflat00636.so
usr/sbin/add-shell	libflat00637.so
usr/sbin/agetty	libflat00638.so
usr/sbin/blkdiscard	libflat00639.so
usr/sbin/blkid	libflat00640.so
usr/sbin/blkzone	libflat00641.so
usr/sbin/blockdev	libflat00642.so
usr/sbin/chcpu	libflat00643.so
usr/sbin/chgpasswd	libflat00644.so
usr/sbin/chmem	libflat00645.so
usr/sbin/chpasswd	libflat00646.so
usr/sbin/chroot	libflat00647.so
usr/sbin/dpkg-preconfigure	libflat00648.so
usr/sbin/dpkg-reconfigure	libflat00649.so
usr/sbin/faillock	libflat00650.so
usr/sbin/findfs	libflat00651.so
usr/sbin/fsck	libflat00652.so
usr/sbin/fsfreeze	libflat00653.so
usr/sbin/fstab-decode	libflat00654.so
usr/sbin/fstrim	libflat00655.so
usr/sbin/groupadd	libflat00656.so
usr/sbin/groupdel	libflat00657.so
usr/sbin/groupmod	libflat00658.so
usr/sbin/grpck	libflat00659.so
usr/sbin/grpconv	libflat00660.so
usr/sbin/grpunconv	libflat00661.so
usr/sbin/iconvconfig	libflat00662.so
usr/sbin/installkernel	libflat00663.so
usr/sbin/invoke-rc.d	libflat00664.so
usr/sbin/isosize	libflat00665.so
usr/sbin/killall5	libflat00666.so
usr/sbin/ldattach	libflat00667.so
usr/sbin/ldconfig	libflat00668.so
usr/sbin/losetup	libflat00669.so
usr/sbin/mkfs	libflat00670.so
usr/sbin/mkhomedir_helper	libflat00671.so
usr/sbin/mkswap	libflat00672.so
usr/sbin/newusers	libflat00673.so
usr/sbin/nologin	libflat00674.so
usr/sbin/pam-auth-update	libflat00675.so
usr/sbin/pam_getenv	libflat00676.so
usr/sbin/pam_namespace_helper	libflat00677.so
usr/sbin/pam_timestamp_check	libflat00678.so
usr/sbin/pivot_root	libflat00679.so
usr/sbin/policy-rc.d	libflat00680.so
usr/sbin/pwck	libflat00681.so
usr/sbin/pwconv	libflat00682.so
usr/sbin/pwhistory_helper	libflat00683.so
usr/sbin/pwunconv	libflat00684.so
usr/sbin/readprofile	libflat00685.so
usr/sbin/remove-shell	libflat00686.so
usr/sbin/rmt-tar	libflat00687.so
usr/sbin/rtcwake	libflat00688.so
usr/sbin/runuser	libflat00689.so
usr/sbin/service	libflat00690.so
usr/sbin/shadowconfig	libflat00691.so
usr/sbin/start-stop-daemon	libflat00692.so
usr/sbin/sulogin	libflat00693.so
usr/sbin/swaplabel	libflat00694.so
usr/sbin/swapoff	libflat00695.so
usr/sbin/swapon	libflat00696.so
usr/sbin/switch_root	libflat00697.so
usr/sbin/tarcat	libflat00698.so
usr/sbin/unix_chkpwd	libflat00699.so
usr/sbin/unix_update	libflat00700.so
usr/sbin/update-passwd	libflat00701.so
usr/sbin/update-rc.d	libflat00702.so
usr/sbin/update-shells	libflat00703.so
usr/sbin/useradd	libflat00704.so
usr/sbin/userdel	libflat00705.so
usr/sbin/usermod	libflat00706.so
usr/sbin/vipw	libflat00707.so
usr/sbin/wipefs	libflat00708.so
usr/sbin/zic	libflat00709.so
usr/sbin/zramctl	libflat00710.so
usr/share/bug/apt/script	libflat00711.so
usr/share/debconf/fix_db.pl	libflat00712.so
usr/share/debconf/frontend	libflat00713.so
usr/share/doc/mawk/examples/ct_length.awk	libflat00714.so
usr/share/doc/mawk/examples/decl.awk	libflat00715.so
usr/share/doc/mawk/examples/deps.awk	libflat00716.so
usr/share/doc/mawk/examples/eatc.awk	libflat00717.so
usr/share/doc/mawk/examples/gdecl.awk	libflat00718.so
usr/share/doc/mawk/examples/hcal	libflat00719.so
usr/share/doc/mawk/examples/hical	libflat00720.so
usr/share/doc/mawk/examples/nocomment.awk	libflat00721.so
usr/share/doc/mawk/examples/primes.awk	libflat00722.so
usr/share/doc/mawk/examples/qsort.awk	libflat00723.so
usr/share/doc/passwd/examples/passwd.expire.cron	libflat00724.so
usr/share/doc/util-linux/examples/getopt-example.bash	libflat00725.so
var/lib/dpkg/info/apt.postinst	libflat00726.so
var/lib/dpkg/info/apt.postrm	libflat00727.so
var/lib/dpkg/info/apt.preinst	libflat00728.so
var/lib/dpkg/info/apt.prerm	libflat00729.so
var/lib/dpkg/info/base-files.postinst	libflat00730.so
var/lib/dpkg/info/base-files.postrm	libflat00731.so
var/lib/dpkg/info/base-files.preinst	libflat00732.so
var/lib/dpkg/info/base-passwd.postinst	libflat00733.so
var/lib/dpkg/info/base-passwd.postrm	libflat00734.so
var/lib/dpkg/info/base-passwd.preinst	libflat00735.so
var/lib/dpkg/info/bash.postinst	libflat00736.so
var/lib/dpkg/info/bash.postrm	libflat00737.so
var/lib/dpkg/info/bash.prerm	libflat00738.so
var/lib/dpkg/info/dash.postinst	libflat00739.so
var/lib/dpkg/info/dash.postrm	libflat00740.so
var/lib/dpkg/info/dash.preinst	libflat00741.so
var/lib/dpkg/info/dash.prerm	libflat00742.so
var/lib/dpkg/info/debconf.config	libflat00743.so
var/lib/dpkg/info/debconf.postinst	libflat00744.so
var/lib/dpkg/info/debian-archive-keyring.postinst	libflat00745.so
var/lib/dpkg/info/debian-archive-keyring.postrm	libflat00746.so
var/lib/dpkg/info/debian-archive-keyring.preinst	libflat00747.so
var/lib/dpkg/info/debian-archive-keyring.prerm	libflat00748.so
var/lib/dpkg/info/debianutils.postinst	libflat00749.so
var/lib/dpkg/info/debianutils.postrm	libflat00750.so
var/lib/dpkg/info/debianutils.prerm	libflat00751.so
var/lib/dpkg/info/dpkg.postinst	libflat00752.so
var/lib/dpkg/info/dpkg.postrm	libflat00753.so
var/lib/dpkg/info/gzip.postinst	libflat00754.so
var/lib/dpkg/info/gzip.preinst	libflat00755.so
var/lib/dpkg/info/init-system-helpers.postinst	libflat00756.so
var/lib/dpkg/info/libc-bin.postinst	libflat00757.so
var/lib/dpkg/info/libc6:arm64.postinst	libflat00758.so
var/lib/dpkg/info/libc6:arm64.postrm	libflat00759.so
var/lib/dpkg/info/libc6:arm64.preinst	libflat00760.so
var/lib/dpkg/info/libpam-modules-bin.postrm	libflat00761.so
var/lib/dpkg/info/libpam-modules-bin.prerm	libflat00762.so
var/lib/dpkg/info/libpam-modules:arm64.postinst	libflat00763.so
var/lib/dpkg/info/libpam-modules:arm64.preinst	libflat00764.so
var/lib/dpkg/info/libpam-runtime.postinst	libflat00765.so
var/lib/dpkg/info/libpam-runtime.postrm	libflat00766.so
var/lib/dpkg/info/libpam-runtime.prerm	libflat00767.so
var/lib/dpkg/info/libpam0g:arm64.postrm	libflat00768.so
var/lib/dpkg/info/login.postinst	libflat00769.so
var/lib/dpkg/info/login.preinst	libflat00770.so
var/lib/dpkg/info/login.prerm	libflat00771.so
var/lib/dpkg/info/mawk.postinst	libflat00772.so
var/lib/dpkg/info/mawk.prerm	libflat00773.so
var/lib/dpkg/info/passwd.postrm	libflat00774.so
var/lib/dpkg/info/tar.postinst	libflat00775.so
var/lib/dpkg/info/tar.prerm	libflat00776.so
var/lib/dpkg/info/util-linux.postinst	libflat00777.so
var/lib/dpkg/info/util-linux.postrm	libflat00778.so
var/lib/dpkg/info/libpam-modules-bin.postinst	libflat00779.so
var/lib/dpkg/info/libpam-modules:arm64.postrm	libflat00780.so
var/lib/dpkg/info/libpam0g:arm64.postinst	libflat00781.so
var/lib/dpkg/info/libselinux1:arm64.postinst	libflat00782.so
var/lib/dpkg/info/libstdc++6:arm64.prerm	libflat00783.so
var/lib/dpkg/info/login.defs.postinst	libflat00784.so
var/lib/dpkg/info/login.postrm	libflat00785.so
var/lib/dpkg/info/passwd.postinst	libflat00786.so
var/lib/dpkg/info/passwd.preinst	libflat00787.so
var/lib/dpkg/info/passwd.prerm	libflat00788.so
var/lib/dpkg/info/tzdata.config	libflat00789.so
var/lib/dpkg/info/tzdata.postinst	libflat00790.so
var/lib/dpkg/info/tzdata.postrm	libflat00791.so
var/lib/dpkg/info/util-linux.prerm	libflat00792.so
